Stock Item Key,Stock Item,Color,Selling Package,Buying Package,Brand,Size,Is Chiller Stock,Unit Price
83,Animal with big feet slippers (Brown) XL,,Each,Each,,XL,False,32.0
84,Animal with big feet slippers (Brown) L,,Each,Each,,L,False,32.0
85,Animal with big feet slippers (Brown) M,,Each,Each,,M,False,32.0
86,Animal with big feet slippers (Brown) S,,Each,Each,,S,False,32.0
95,Ogre battery-powered slippers (Green) XL,,Each,Each,,XL,False,32.0
96,Ogre battery-powered slippers (Green) L,,Each,Each,,L,False,32.0
97,Ogre battery-powered slippers (Green) M,,Each,Each,,M,False,32.0
98,Ogre battery-powered slippers (Green) S,,Each,Each,,S,False,32.0
99,Dinosaur battery-powered slippers (Green) XL,,Each,Each,,XL,False,32.0
100,Dinosaur battery-powered slippers (Green) L,,Each,Each,,L,False,32.0
101,Dinosaur battery-powered slippers (Green) M,,Each,Each,,M,False,32.0
102,Dinosaur battery-powered slippers (Green) S,,Each,Each,,S,False,32.0
206,USB food flash drive - fortune cookie,,Each,Each,,,False,32.0
207,USB food flash drive - shrimp cocktail,,Each,Each,,,False,32.0
208,USB food flash drive - donut,,Each,Each,,,False,32.0
209,USB food flash drive - cookie,,Each,Each,,,False,32.0
210,USB food flash drive - chocolate bar,,Each,Each,,,False,32.0
211,USB food flash drive - banana,,Each,Each,,,False,32.0
213,USB food flash drive - pizza slice,,Each,Each,,,False,32.0
214,USB food flash drive - hot dog,,Each,Each,,,False,32.0
215,USB food flash drive - hamburger,,Each,Each,,,False,32.0
216,USB food flash drive - sushi roll,,Each,Each,,,False,32.0
238,USB food flash drive - fortune cookie,,Each,Each,,,False,32.0
239,USB food flash drive - shrimp cocktail,,Each,Each,,,False,32.0
240,USB food flash drive - donut,,Each,Each,,,False,32.0
241,USB food flash drive - cookie,,Each,Each,,,False,32.0
242,USB food flash drive - chocolate bar,,Each,Each,,,False,32.0
243,USB food flash drive - banana,,Each,Each,,,False,32.0
245,USB food flash drive - pizza slice,,Each,Each,,,False,32.0
246,USB food flash drive - hot dog,,Each,Each,,,False,32.0
247,USB food flash drive - hamburger,,Each,Each,,,False,32.0
248,USB food flash drive - sushi roll,,Each,Each,,,False,32.0
360,Animal with big feet slippers (Brown) XL,,Each,Each,,XL,False,32.0
361,Animal with big feet slippers (Brown) L,,Each,Each,,L,False,32.0
362,Animal with big feet slippers (Brown) M,,Each,Each,,M,False,32.0
363,Animal with big feet slippers (Brown) S,,Each,Each,,S,False,32.0
372,Ogre battery-powered slippers (Green) XL,,Each,Each,,XL,False,32.0
373,Ogre battery-powered slippers (Green) L,,Each,Each,,L,False,32.0
374,Ogre battery-powered slippers (Green) M,,Each,Each,,M,False,32.0
375,Ogre battery-powered slippers (Green) S,,Each,Each,,S,False,32.0
376,Dinosaur battery-powered slippers (Green) XL,,Each,Each,,XL,False,32.0
377,Dinosaur battery-powered slippers (Green) L,,Each,Each,,L,False,32.0
378,Dinosaur battery-powered slippers (Green) M,,Each,Each,,M,False,32.0
379,Dinosaur battery-powered slippers (Green) S,,Each,Each,,S,False,32.0
497,Animal with big feet slippers (Brown) XL,,Each,Each,,XL,False,32.0
498,Animal with big feet slippers (Brown) L,,Each,Each,,L,False,32.0
499,Animal with big feet slippers (Brown) M,,Each,Each,,M,False,32.0
500,Animal with big feet slippers (Brown) S,,Each,Each,,S,False,32.0
509,Ogre battery-powered slippers (Green) XL,,Each,Each,,XL,False,32.0
510,Ogre battery-powered slippers (Green) L,,Each,Each,,L,False,32.0
511,Ogre battery-powered slippers (Green) M,,Each,Each,,M,False,32.0
512,Ogre battery-powered slippers (Green) S,,Each,Each,,S,False,32.0
513,Dinosaur battery-powered slippers (Green) XL,,Each,Each,,XL,False,32.0
514,Dinosaur battery-powered slippers (Green) L,,Each,Each,,L,False,32.0
515,Dinosaur battery-powered slippers (Green) M,,Each,Each,,M,False,32.0
516,Dinosaur battery-powered slippers (Green) S,,Each,Each,,S,False,32.0
517,Dinosaur battery-powered slippers (Green) S,,Each,Each,,S,False,32.0
518,Dinosaur battery-powered slippers (Green) M,,Each,Each,,M,False,32.0
519,Dinosaur battery-powered slippers (Green) L,,Each,Each,,L,False,32.0
520,Dinosaur battery-powered slippers (Green) XL,,Each,Each,,XL,False,32.0
521,Ogre battery-powered slippers (Green) S,,Each,Each,,S,False,32.0
522,Ogre battery-powered slippers (Green) M,,Each,Each,,M,False,32.0
523,Ogre battery-powered slippers (Green) L,,Each,Each,,L,False,32.0
524,Ogre battery-powered slippers (Green) XL,,Each,Each,,XL,False,32.0
533,Animal with big feet slippers (Brown) S,,Each,Each,,S,False,32.0
534,Animal with big feet slippers (Brown) M,,Each,Each,,M,False,32.0
535,Animal with big feet slippers (Brown) L,,Each,Each,,L,False,32.0
536,Animal with big feet slippers (Brown) XL,,Each,Each,,XL,False,32.0
538,USB food flash drive - fortune cookie,,Each,Each,,,False,32.0
539,USB food flash drive - shrimp cocktail,,Each,Each,,,False,32.0
540,USB food flash drive - donut,,Each,Each,,,False,32.0
541,USB food flash drive - cookie,,Each,Each,,,False,32.0
542,USB food flash drive - chocolate bar,,Each,Each,,,False,32.0
543,USB food flash drive - banana,,Each,Each,,,False,32.0
545,USB food flash drive - pizza slice,,Each,Each,,,False,32.0
546,USB food flash drive - hot dog,,Each,Each,,,False,32.0
547,USB food flash drive - hamburger,,Each,Each,,,False,32.0
548,USB food flash drive - sushi roll,,Each,Each,,,False,32.0
591,USB food flash drive - sushi roll,,Each,Each,,,False,32.0
592,USB food flash drive - hamburger,,Each,Each,,,False,32.0
593,USB food flash drive - hot dog,,Each,Each,,,False,32.0
594,USB food flash drive - pizza slice,,Each,Each,,,False,32.0
596,USB food flash drive - banana,,Each,Each,,,False,32.0
597,USB food flash drive - chocolate bar,,Each,Each,,,False,32.0
598,USB food flash drive - cookie,,Each,Each,,,False,32.0
599,USB food flash drive - donut,,Each,Each,,,False,32.0
600,USB food flash drive - shrimp cocktail,,Each,Each,,,False,32.0
601,USB food flash drive - fortune cookie,,Each,Each,,,False,32.0
87,Furry gorilla with big eyes slippers (Black) XL,Black,Each,Each,,XL,False,32.0
88,Furry gorilla with big eyes slippers (Black) L,Black,Each,Each,,L,False,32.0
89,Furry gorilla with big eyes slippers (Black) M,Black,Each,Each,,M,False,32.0
90,Furry gorilla with big eyes slippers (Black) S,Black,Each,Each,,S,False,32.0
91,Plush shark slippers (Gray) XL,Gray,Each,Each,,XL,False,32.0
92,Plush shark slippers (Gray) L,Gray,Each,Each,,L,False,32.0
93,Plush shark slippers (Gray) M,Gray,Each,Each,,M,False,32.0
94,Plush shark slippers (Gray) S,Gray,Each,Each,,S,False,32.0
364,Furry gorilla with big eyes slippers (Black) XL,Black,Each,Each,,XL,False,32.0
365,Furry gorilla with big eyes slippers (Black) L,Black,Each,Each,,L,False,32.0
366,Furry gorilla with big eyes slippers (Black) M,Black,Each,Each,,M,False,32.0
367,Furry gorilla with big eyes slippers (Black) S,Black,Each,Each,,S,False,32.0
368,Plush shark slippers (Gray) XL,Steel Gray,Each,Each,,XL,False,32.0
369,Plush shark slippers (Gray) L,Steel Gray,Each,Each,,L,False,32.0
370,Plush shark slippers (Gray) M,Steel Gray,Each,Each,,M,False,32.0
371,Plush shark slippers (Gray) S,Steel Gray,Each,Each,,S,False,32.0
501,Furry gorilla with big eyes slippers (Black) XL,Black,Each,Each,,XL,False,32.0
502,Furry gorilla with big eyes slippers (Black) L,Black,Each,Each,,L,False,32.0
503,Furry gorilla with big eyes slippers (Black) M,Black,Each,Each,,M,False,32.0
504,Furry gorilla with big eyes slippers (Black) S,Black,Each,Each,,S,False,32.0
505,Plush shark slippers (Gray) XL,Steel Gray,Each,Each,,XL,False,32.0
506,Plush shark slippers (Gray) L,Steel Gray,Each,Each,,L,False,32.0
507,Plush shark slippers (Gray) M,Steel Gray,Each,Each,,M,False,32.0
508,Plush shark slippers (Gray) S,Steel Gray,Each,Each,,S,False,32.0
525,Plush shark slippers (Gray) S,Steel Gray,Each,Each,,S,False,32.0
526,Plush shark slippers (Gray) M,Steel Gray,Each,Each,,M,False,32.0
527,Plush shark slippers (Gray) L,Steel Gray,Each,Each,,L,False,32.0
528,Plush shark slippers (Gray) XL,Steel Gray,Each,Each,,XL,False,32.0
529,Furry gorilla with big eyes slippers (Black) S,Black,Each,Each,,S,False,32.0
530,Furry gorilla with big eyes slippers (Black) M,Black,Each,Each,,M,False,32.0
531,Furry gorilla with big eyes slippers (Black) L,Black,Each,Each,,L,False,32.0
532,Furry gorilla with big eyes slippers (Black) XL,Black,Each,Each,,XL,False,32.0
15,Tape dispenser (Blue),,Each,Each,,,False,32.0
16,Tape dispenser (Red),,Each,Each,,,False,32.0
17,Tape dispenser (Black),,Each,Each,,,False,32.0
49,32 mm Anti static bubble wrap (Blue) 10m,Blue,Each,Each,,10m,False,32.0
307,Tape dispenser (Blue),,Each,Each,,,False,32.0
308,Tape dispenser (Red),,Each,Each,,,False,32.0
309,Tape dispenser (Black),,Each,Each,,,False,32.0
341,32 mm Anti static bubble wrap (Blue) 10m,Blue,Each,Each,,10m,False,32.0
623,32 mm Anti static bubble wrap (Blue) 10m,Blue,Each,Each,,10m,False,32.0
655,Tape dispenser (Black),,Each,Each,,,False,32.0
656,Tape dispenser (Red),,Each,Each,,,False,32.0
657,Tape dispenser (Blue),,Each,Each,,,False,32.0
163,IT joke mug - hardware: part of the computer that can be kicked (Black),Black,Each,Each,,,False,13.0
164,IT joke mug - hardware: part of the computer that can be kicked (White),White,Each,Each,,,False,13.0
165,IT joke mug - that behavior is by design (Black),Black,Each,Each,,,False,13.0
166,IT joke mug - that behavior is by design (White),White,Each,Each,,,False,13.0
167,IT joke mug - keyboard not found … press F1 to continue (Black),Black,Each,Each,,,False,13.0
168,IT joke mug - keyboard not found … press F1 to continue (White),White,Each,Each,,,False,13.0
169,Developer joke mug - old C developers never die (Black),Black,Each,Each,,,False,13.0
170,Developer joke mug - old C developers never die (White),White,Each,Each,,,False,13.0
171,Developer joke mug - this code was generated by a tool (Black),Black,Each,Each,,,False,13.0
172,Developer joke mug - this code was generated by a tool (White),White,Each,Each,,,False,13.0
173,Developer joke mug - a foo walks into a bar (Black),Black,Each,Each,,,False,13.0
174,Developer joke mug - a foo walks into a bar (White),White,Each,Each,,,False,13.0
175,Developer joke mug - there are 10 types of people in the world (Black),Black,Each,Each,,,False,13.0
176,Developer joke mug - there are 10 types of people in the world (White),White,Each,Each,,,False,13.0
177,Developer joke mug - understanding recursion requires understanding recursion (Black),Black,Each,Each,,,False,13.0
178,Developer joke mug - understanding recursion requires understanding recursion (White),White,Each,Each,,,False,13.0
179,"Developer joke mug - (hip, hip, array) (Black)",Black,Each,Each,,,False,13.0
180,"Developer joke mug - (hip, hip, array) (White)",White,Each,Each,,,False,13.0
181,Developer joke mug - inheritance is the OO way to become wealthy (Black),Black,Each,Each,,,False,13.0
182,Developer joke mug - inheritance is the OO way to become wealthy (White),White,Each,Each,,,False,13.0
183,Developer joke mug - when your hammer is C++ (Black),Black,Each,Each,,,False,13.0
184,Developer joke mug - when your hammer is C++ (White),White,Each,Each,,,False,13.0
185,Developer joke mug - fun was unexpected at this time (Black),Black,Each,Each,,,False,13.0
186,Developer joke mug - fun was unexpected at this time (White),White,Each,Each,,,False,13.0
187,Developer joke mug - that's a hardware problem (Black),Black,Each,Each,,,False,13.0
188,Developer joke mug - that's a hardware problem (White),White,Each,Each,,,False,13.0
189,Developer joke mug - Oct 31 = Dec 25 (Black),Black,Each,Each,,,False,13.0
190,Developer joke mug - Oct 31 = Dec 25 (White),White,Each,Each,,,False,13.0
191,DBA joke mug - two types of DBAs (Black),Black,Each,Each,,,False,13.0
192,DBA joke mug - two types of DBAs (White),White,Each,Each,,,False,13.0
193,DBA joke mug - SELECT caffeine FROM mug (Black),Black,Each,Each,,,False,13.0
194,DBA joke mug - SELECT caffeine FROM mug (White),White,Each,Each,,,False,13.0
195,DBA joke mug - I will get you in order (Black),Black,Each,Each,,,False,13.0
196,DBA joke mug - I will get you in order (White),White,Each,Each,,,False,13.0
197,DBA joke mug - it depends (Black),Black,Each,Each,,,False,13.0
198,DBA joke mug - it depends (White),White,Each,Each,,,False,13.0
199,DBA joke mug - you might be a DBA if (Black),Black,Each,Each,,,False,13.0
200,DBA joke mug - you might be a DBA if (White),White,Each,Each,,,False,13.0
201,DBA joke mug - daaaaaa-ta (Black),Black,Each,Each,,,False,13.0
202,DBA joke mug - daaaaaa-ta (White),White,Each,Each,,,False,13.0
203,DBA joke mug - mind if I join you? (Black),Black,Each,Each,,,False,13.0
204,DBA joke mug - mind if I join you? (White),White,Each,Each,,,False,13.0
249,IT joke mug - hardware: part of the computer that can be kicked (Black),Black,Each,Each,,,False,13.0
250,IT joke mug - hardware: part of the computer that can be kicked (White),White,Each,Each,,,False,13.0
251,IT joke mug - that behavior is by design (Black),Black,Each,Each,,,False,13.0
252,IT joke mug - that behavior is by design (White),White,Each,Each,,,False,13.0
253,IT joke mug - keyboard not found … press F1 to continue (Black),Black,Each,Each,,,False,13.0
254,IT joke mug - keyboard not found … press F1 to continue (White),White,Each,Each,,,False,13.0
255,Developer joke mug - old C developers never die (Black),Black,Each,Each,,,False,13.0
256,Developer joke mug - old C developers never die (White),White,Each,Each,,,False,13.0
257,Developer joke mug - this code was generated by a tool (Black),Black,Each,Each,,,False,13.0
258,Developer joke mug - this code was generated by a tool (White),White,Each,Each,,,False,13.0
259,Developer joke mug - a foo walks into a bar (Black),Black,Each,Each,,,False,13.0
260,Developer joke mug - a foo walks into a bar (White),White,Each,Each,,,False,13.0
261,Developer joke mug - there are 10 types of people in the world (Black),Black,Each,Each,,,False,13.0
262,Developer joke mug - there are 10 types of people in the world (White),White,Each,Each,,,False,13.0
263,Developer joke mug - understanding recursion requires understanding recursion (Black),Black,Each,Each,,,False,13.0
264,Developer joke mug - understanding recursion requires understanding recursion (White),White,Each,Each,,,False,13.0
265,"Developer joke mug - (hip, hip, array) (Black)",Black,Each,Each,,,False,13.0
266,"Developer joke mug - (hip, hip, array) (White)",White,Each,Each,,,False,13.0
267,Developer joke mug - inheritance is the OO way to become wealthy (Black),Black,Each,Each,,,False,13.0
268,Developer joke mug - inheritance is the OO way to become wealthy (White),White,Each,Each,,,False,13.0
269,Developer joke mug - when your hammer is C++ (Black),Black,Each,Each,,,False,13.0
270,Developer joke mug - when your hammer is C++ (White),White,Each,Each,,,False,13.0
271,Developer joke mug - fun was unexpected at this time (Black),Black,Each,Each,,,False,13.0
272,Developer joke mug - fun was unexpected at this time (White),White,Each,Each,,,False,13.0
273,Developer joke mug - that's a hardware problem (Black),Black,Each,Each,,,False,13.0
274,Developer joke mug - that's a hardware problem (White),White,Each,Each,,,False,13.0
275,Developer joke mug - Oct 31 = Dec 25 (Black),Black,Each,Each,,,False,13.0
276,Developer joke mug - Oct 31 = Dec 25 (White),White,Each,Each,,,False,13.0
277,DBA joke mug - two types of DBAs (Black),Black,Each,Each,,,False,13.0
278,DBA joke mug - two types of DBAs (White),White,Each,Each,,,False,13.0
279,DBA joke mug - SELECT caffeine FROM mug (Black),Black,Each,Each,,,False,13.0
280,DBA joke mug - SELECT caffeine FROM mug (White),White,Each,Each,,,False,13.0
281,DBA joke mug - I will get you in order (Black),Black,Each,Each,,,False,13.0
282,DBA joke mug - I will get you in order (White),White,Each,Each,,,False,13.0
283,DBA joke mug - it depends (Black),Black,Each,Each,,,False,13.0
284,DBA joke mug - it depends (White),White,Each,Each,,,False,13.0
285,DBA joke mug - you might be a DBA if (Black),Black,Each,Each,,,False,13.0
286,DBA joke mug - you might be a DBA if (White),White,Each,Each,,,False,13.0
287,DBA joke mug - daaaaaa-ta (Black),Black,Each,Each,,,False,13.0
288,DBA joke mug - daaaaaa-ta (White),White,Each,Each,,,False,13.0
289,DBA joke mug - mind if I join you? (Black),Black,Each,Each,,,False,13.0
290,DBA joke mug - mind if I join you? (White),White,Each,Each,,,False,13.0
549,DBA joke mug - mind if I join you? (White),White,Each,Each,,,False,13.0
550,DBA joke mug - mind if I join you? (Black),Black,Each,Each,,,False,13.0
551,DBA joke mug - daaaaaa-ta (White),White,Each,Each,,,False,13.0
552,DBA joke mug - daaaaaa-ta (Black),Black,Each,Each,,,False,13.0
553,DBA joke mug - you might be a DBA if (White),White,Each,Each,,,False,13.0
554,DBA joke mug - you might be a DBA if (Black),Black,Each,Each,,,False,13.0
555,DBA joke mug - it depends (White),White,Each,Each,,,False,13.0
556,DBA joke mug - it depends (Black),Black,Each,Each,,,False,13.0
557,DBA joke mug - I will get you in order (White),White,Each,Each,,,False,13.0
558,DBA joke mug - I will get you in order (Black),Black,Each,Each,,,False,13.0
559,DBA joke mug - SELECT caffeine FROM mug (White),White,Each,Each,,,False,13.0
560,DBA joke mug - SELECT caffeine FROM mug (Black),Black,Each,Each,,,False,13.0
561,DBA joke mug - two types of DBAs (White),White,Each,Each,,,False,13.0
562,DBA joke mug - two types of DBAs (Black),Black,Each,Each,,,False,13.0
563,Developer joke mug - Oct 31 = Dec 25 (White),White,Each,Each,,,False,13.0
564,Developer joke mug - Oct 31 = Dec 25 (Black),Black,Each,Each,,,False,13.0
565,Developer joke mug - that's a hardware problem (White),White,Each,Each,,,False,13.0
566,Developer joke mug - that's a hardware problem (Black),Black,Each,Each,,,False,13.0
567,Developer joke mug - fun was unexpected at this time (White),White,Each,Each,,,False,13.0
568,Developer joke mug - fun was unexpected at this time (Black),Black,Each,Each,,,False,13.0
569,Developer joke mug - when your hammer is C++ (White),White,Each,Each,,,False,13.0
570,Developer joke mug - when your hammer is C++ (Black),Black,Each,Each,,,False,13.0
571,Developer joke mug - inheritance is the OO way to become wealthy (White),White,Each,Each,,,False,13.0
572,Developer joke mug - inheritance is the OO way to become wealthy (Black),Black,Each,Each,,,False,13.0
573,"Developer joke mug - (hip, hip, array) (White)",White,Each,Each,,,False,13.0
574,"Developer joke mug - (hip, hip, array) (Black)",Black,Each,Each,,,False,13.0
575,Developer joke mug - understanding recursion requires understanding recursion (White),White,Each,Each,,,False,13.0
576,Developer joke mug - understanding recursion requires understanding recursion (Black),Black,Each,Each,,,False,13.0
577,Developer joke mug - there are 10 types of people in the world (White),White,Each,Each,,,False,13.0
578,Developer joke mug - there are 10 types of people in the world (Black),Black,Each,Each,,,False,13.0
579,Developer joke mug - a foo walks into a bar (White),White,Each,Each,,,False,13.0
580,Developer joke mug - a foo walks into a bar (Black),Black,Each,Each,,,False,13.0
581,Developer joke mug - this code was generated by a tool (White),White,Each,Each,,,False,13.0
582,Developer joke mug - this code was generated by a tool (Black),Black,Each,Each,,,False,13.0
583,Developer joke mug - old C developers never die (White),White,Each,Each,,,False,13.0
584,Developer joke mug - old C developers never die (Black),Black,Each,Each,,,False,13.0
585,IT joke mug - keyboard not found … press F1 to continue (White),White,Each,Each,,,False,13.0
586,IT joke mug - keyboard not found … press F1 to continue (Black),Black,Each,Each,,,False,13.0
587,IT joke mug - that behavior is by design (White),White,Each,Each,,,False,13.0
588,IT joke mug - that behavior is by design (Black),Black,Each,Each,,,False,13.0
589,IT joke mug - hardware: part of the computer that can be kicked (White),White,Each,Each,,,False,13.0
590,IT joke mug - hardware: part of the computer that can be kicked (Black),Black,Each,Each,,,False,13.0
71,Halloween skull mask (Gray) XL,Gray,Each,Carton,,XL,False,18.0
72,Halloween skull mask (Gray) L,Gray,Each,Carton,,L,False,18.0
73,Halloween skull mask (Gray) M,Gray,Each,Carton,,M,False,18.0
74,Halloween skull mask (Gray) S,Gray,Each,Carton,,S,False,18.0
75,Halloween zombie mask (Light Brown) XL,Light Brown,Each,Carton,,XL,False,18.0
76,Halloween zombie mask (Light Brown) L,Light Brown,Each,Carton,,L,False,18.0
77,Halloween zombie mask (Light Brown) M,Light Brown,Each,Carton,,M,False,18.0
78,Halloween zombie mask (Light Brown) S,Light Brown,Each,Carton,,S,False,18.0
119,"""The Gu"" red shirt XML tag t-shirt (Black) 7XL",Black,Each,Carton,,7XL,False,18.0
120,"""The Gu"" red shirt XML tag t-shirt (Black) 6XL",Black,Each,Carton,,6XL,False,18.0
121,"""The Gu"" red shirt XML tag t-shirt (Black) 5XL",Black,Each,Carton,,5XL,False,18.0
122,"""The Gu"" red shirt XML tag t-shirt (Black) 4XL",Black,Each,Carton,,4XL,False,18.0
123,"""The Gu"" red shirt XML tag t-shirt (Black) 3XL",Black,Each,Carton,,3XL,False,18.0
124,"""The Gu"" red shirt XML tag t-shirt (Black) XXL",Black,Each,Carton,,XXL,False,18.0
125,"""The Gu"" red shirt XML tag t-shirt (Black) XL",Black,Each,Carton,,XL,False,18.0
126,"""The Gu"" red shirt XML tag t-shirt (Black) L",Black,Each,Carton,,L,False,18.0
127,"""The Gu"" red shirt XML tag t-shirt (Black) M",Black,Each,Carton,,M,False,18.0
128,"""The Gu"" red shirt XML tag t-shirt (Black) S",Black,Each,Carton,,S,False,18.0
129,"""The Gu"" red shirt XML tag t-shirt (Black) XS",Black,Each,Carton,,XS,False,18.0
130,"""The Gu"" red shirt XML tag t-shirt (Black) XXS",Black,Each,Carton,,XXS,False,18.0
131,"""The Gu"" red shirt XML tag t-shirt (Black) 3XS",Black,Each,Carton,,3XS,False,18.0
132,"""The Gu"" red shirt XML tag t-shirt (White) 7XL",White,Each,Carton,,7XL,False,18.0
133,"""The Gu"" red shirt XML tag t-shirt (White) 6XL",White,Each,Carton,,6XL,False,18.0
134,"""The Gu"" red shirt XML tag t-shirt (White) 5XL",White,Each,Carton,,5XL,False,18.0
135,"""The Gu"" red shirt XML tag t-shirt (White) 4XL",White,Each,Carton,,4XL,False,18.0
136,"""The Gu"" red shirt XML tag t-shirt (White) 3XL",White,Each,Carton,,3XL,False,18.0
137,"""The Gu"" red shirt XML tag t-shirt (White) XXL",White,Each,Carton,,XXL,False,18.0
138,"""The Gu"" red shirt XML tag t-shirt (White) XL",White,Each,Carton,,XL,False,18.0
139,"""The Gu"" red shirt XML tag t-shirt (White) L",White,Each,Carton,,L,False,18.0
140,"""The Gu"" red shirt XML tag t-shirt (White) M",White,Each,Carton,,M,False,18.0
141,"""The Gu"" red shirt XML tag t-shirt (White) S",White,Each,Carton,,S,False,18.0
142,"""The Gu"" red shirt XML tag t-shirt (White) XS",White,Each,Carton,,XS,False,18.0
143,"""The Gu"" red shirt XML tag t-shirt (White) XXS",White,Each,Carton,,XXS,False,18.0
144,"""The Gu"" red shirt XML tag t-shirt (White) 3XS",White,Each,Carton,,3XS,False,18.0
380,Halloween skull mask (Gray) XL,Steel Gray,Each,Carton,,XL,False,18.0
381,Halloween skull mask (Gray) L,Steel Gray,Each,Carton,,L,False,18.0
382,Halloween skull mask (Gray) M,Steel Gray,Each,Carton,,M,False,18.0
383,Halloween skull mask (Gray) S,Steel Gray,Each,Carton,,S,False,18.0
384,Halloween zombie mask (Light Brown) XL,Light Brown,Each,Carton,,XL,False,18.0
385,Halloween zombie mask (Light Brown) L,Light Brown,Each,Carton,,L,False,18.0
386,Halloween zombie mask (Light Brown) M,Light Brown,Each,Carton,,M,False,18.0
387,Halloween zombie mask (Light Brown) S,Light Brown,Each,Carton,,S,False,18.0
399,"""The Gu"" red shirt XML tag t-shirt (White) 3XS",White,Each,Carton,,3XS,False,18.0
400,"""The Gu"" red shirt XML tag t-shirt (White) XXS",White,Each,Carton,,XXS,False,18.0
401,"""The Gu"" red shirt XML tag t-shirt (White) XS",White,Each,Carton,,XS,False,18.0
402,"""The Gu"" red shirt XML tag t-shirt (White) S",White,Each,Carton,,S,False,18.0
403,"""The Gu"" red shirt XML tag t-shirt (White) M",White,Each,Carton,,M,False,18.0
404,"""The Gu"" red shirt XML tag t-shirt (White) L",White,Each,Carton,,L,False,18.0
405,"""The Gu"" red shirt XML tag t-shirt (White) XL",White,Each,Carton,,XL,False,18.0
406,"""The Gu"" red shirt XML tag t-shirt (White) XXL",White,Each,Carton,,XXL,False,18.0
407,"""The Gu"" red shirt XML tag t-shirt (White) 3XL",White,Each,Carton,,3XL,False,18.0
408,"""The Gu"" red shirt XML tag t-shirt (White) 4XL",White,Each,Carton,,4XL,False,18.0
409,"""The Gu"" red shirt XML tag t-shirt (White) 5XL",White,Each,Carton,,5XL,False,18.0
410,"""The Gu"" red shirt XML tag t-shirt (White) 6XL",White,Each,Carton,,6XL,False,18.0
411,"""The Gu"" red shirt XML tag t-shirt (White) 7XL",White,Each,Carton,,7XL,False,18.0
412,"""The Gu"" red shirt XML tag t-shirt (Black) 3XS",Black,Each,Carton,,3XS,False,18.0
413,"""The Gu"" red shirt XML tag t-shirt (Black) XXS",Black,Each,Carton,,XXS,False,18.0
414,"""The Gu"" red shirt XML tag t-shirt (Black) XS",Black,Each,Carton,,XS,False,18.0
415,"""The Gu"" red shirt XML tag t-shirt (Black) S",Black,Each,Carton,,S,False,18.0
416,"""The Gu"" red shirt XML tag t-shirt (Black) M",Black,Each,Carton,,M,False,18.0
417,"""The Gu"" red shirt XML tag t-shirt (Black) L",Black,Each,Carton,,L,False,18.0
418,"""The Gu"" red shirt XML tag t-shirt (Black) XL",Black,Each,Carton,,XL,False,18.0
419,"""The Gu"" red shirt XML tag t-shirt (Black) XXL",Black,Each,Carton,,XXL,False,18.0
420,"""The Gu"" red shirt XML tag t-shirt (Black) 3XL",Black,Each,Carton,,3XL,False,18.0
421,"""The Gu"" red shirt XML tag t-shirt (Black) 4XL",Black,Each,Carton,,4XL,False,18.0
422,"""The Gu"" red shirt XML tag t-shirt (Black) 5XL",Black,Each,Carton,,5XL,False,18.0
423,"""The Gu"" red shirt XML tag t-shirt (Black) 6XL",Black,Each,Carton,,6XL,False,18.0
424,"""The Gu"" red shirt XML tag t-shirt (Black) 7XL",Black,Each,Carton,,7XL,False,18.0
477,Halloween zombie mask (Light Brown) S,Light Brown,Each,Carton,,S,False,18.0
478,Halloween zombie mask (Light Brown) M,Light Brown,Each,Carton,,M,False,18.0
479,Halloween zombie mask (Light Brown) L,Light Brown,Each,Carton,,L,False,18.0
480,Halloween zombie mask (Light Brown) XL,Light Brown,Each,Carton,,XL,False,18.0
481,Halloween skull mask (Gray) S,Steel Gray,Each,Carton,,S,False,18.0
482,Halloween skull mask (Gray) M,Steel Gray,Each,Carton,,M,False,18.0
483,Halloween skull mask (Gray) L,Steel Gray,Each,Carton,,L,False,18.0
484,Halloween skull mask (Gray) XL,Steel Gray,Each,Carton,,XL,False,18.0
61,20 mm Double sided bubble wrap 10m,,Each,Each,,10m,False,18.0
353,20 mm Double sided bubble wrap 10m,,Each,Each,,10m,False,18.0
611,20 mm Double sided bubble wrap 10m,,Each,Each,,10m,False,18.0
0,Unknown,,,,,,False,0.0
68,Pack of 12 action figures (female),,Packet,Packet,,,False,16.0
69,Pack of 12 action figures (male),,Packet,Packet,,,False,16.0
70,Pack of 12 action figures (variety),,Packet,Packet,,,False,16.0
79,Furry animal socks (Pink) XL,,Pair,Packet,,XL,False,5.0
80,Furry animal socks (Pink) L,,Pair,Packet,,L,False,5.0
81,Furry animal socks (Pink) M,,Pair,Packet,,M,False,5.0
82,Furry animal socks (Pink) S,,Pair,Packet,,S,False,5.0
205,USB food flash drive - dessert 10 drive variety pack,,Packet,Packet,,,False,240.0
212,USB food flash drive - dim sum 10 drive variety pack,,Packet,Packet,,,False,240.0
237,USB food flash drive - dessert 10 drive variety pack,,Packet,Packet,,,False,240.0
244,USB food flash drive - dim sum 10 drive variety pack,,Packet,Packet,,,False,240.0
388,Pack of 12 action figures (female),,Packet,Packet,,,False,16.0
389,Pack of 12 action figures (male),,Packet,Packet,,,False,16.0
390,Pack of 12 action figures (variety),,Packet,Packet,,,False,16.0
441,Furry animal socks (Pink) S,,Pair,Packet,,S,False,5.0
442,Furry animal socks (Pink) M,,Pair,Packet,,M,False,5.0
443,Furry animal socks (Pink) L,,Pair,Packet,,L,False,5.0
444,Furry animal socks (Pink) XL,,Pair,Packet,,XL,False,5.0
485,Pack of 12 action figures (variety),,Packet,Packet,,,False,16.0
486,Pack of 12 action figures (male),,Packet,Packet,,,False,16.0
487,Pack of 12 action figures (female),,Packet,Packet,,,False,16.0
537,USB food flash drive - dessert 10 drive variety pack,,Packet,Packet,,,False,240.0
544,USB food flash drive - dim sum 10 drive variety pack,,Packet,Packet,,,False,240.0
595,USB food flash drive - dim sum 10 drive variety pack,,Packet,Packet,,,False,240.0
602,USB food flash drive - dessert 10 drive variety pack,,Packet,Packet,,,False,240.0
1,Void fill 400 L bag (White) 400L,,Each,Each,,400L,False,50.0
2,Void fill 300 L bag (White) 300L,,Each,Each,,300L,False,37.5
3,Void fill 200 L bag (White) 200L,,Each,Each,,200L,False,25.0
4,Void fill 100 L bag (White) 100L,,Each,Each,,100L,False,12.5
5,Air cushion machine (Blue),,Each,Each,,,False,1899.0
6,Air cushion film 200mmx200mm 325m,,Each,Each,,325m,False,90.0
7,Air cushion film 200mmx100mm 325m,,Each,Each,,325m,False,87.0
8,Large  replacement blades 18mm,,Each,Each,,18mm,False,4.3
9,Small 9mm replacement blades 9mm,,Each,Each,,9mm,False,4.1
10,Packing knife with metal insert blade (Yellow) 18mm,,Each,Each,,18mm,False,2.4
11,Packing knife with metal insert blade (Yellow) 9mm,,Each,Each,,9mm,False,1.89
12,Permanent marker red 5mm nib (Red) 5mm,,Each,Each,,5mm,False,2.7
13,Permanent marker blue 5mm nib (Blue) 5mm,,Each,Each,,5mm,False,2.7
14,Permanent marker black 5mm nib (Black) 5mm,,Each,Each,,5mm,False,2.7
18,Red and white urgent  heavy despatch tape  48mmx100m,,Each,Each,,48mmx100m,False,4.1
19,Red and white urgent despatch tape 48mmx75m,,Each,Each,,48mmx75m,False,3.7
20,Black and yellow heavy despatch tape 48mmx100m,,Each,Each,,48mmx100m,False,4.1
21,Black and yellow heavy despatch tape  48mmx75m,,Each,Each,,48mmx75m,False,3.7
22,Black and orange this way up despatch tape  48mmx100m,,Each,Each,,48mmx100m,False,4.1
23,Black and orange this way up despatch tape 48mmx75m,,Each,Each,,48mmx75m,False,3.7
24,Black and orange handle with care despatch tape  48mmx100m,,Each,Each,,48mmx100m,False,4.1
25,Black and orange handle with care despatch tape  48mmx75m,,Each,Each,,48mmx75m,False,3.7
26,Black and orange glass with care despatch tape  48mmx100m,,Each,Each,,48mmx100m,False,4.1
27,Black and orange glass with care despatch tape 48mmx75m,,Each,Each,,48mmx75m,False,3.7
28,Black and orange fragile despatch tape 48mmx100m,,Each,Each,,48mmx100m,False,4.1
29,Black and orange fragile despatch tape 48mmx75m,,Each,Each,,48mmx75m,False,3.7
30,Clear packaging tape 48mmx100m,,Each,Each,,48mmx100m,False,3.5
31,Clear packaging tape 48mmx75m,,Each,Each,,48mmx75m,False,2.9
32,3 kg Courier post bag (White) 300x190x95mm,,Each,Each,,300x190x95mm,False,0.66
33,Express post box 5kg (White) 350x280x130mm,,Each,Each,,350x280x130mm,False,0.95
34,Shipping carton (Brown) 457x457x457mm,,Each,Each,,457x457x457mm,False,2.1
35,Shipping carton (Brown) 356x356x279mm,,Each,Each,,356x356x279mm,False,2.04
36,Shipping carton (Brown) 305x305x305mm,,Each,Each,,305x305x305mm,False,3.5
37,Shipping carton (Brown) 480x270x320mm,,Each,Each,,480x270x320mm,False,2.74
38,Shipping carton (Brown) 457x279x279mm,,Each,Each,,457x279x279mm,False,1.28
39,Shipping carton (Brown) 356x229x229mm,,Each,Each,,356x229x229mm,False,1.14
40,Shipping carton (Brown) 279x254x217mm,,Each,Each,,279x254x217mm,False,1.11
41,Shipping carton (Brown) 229x229x229mm,,Each,Each,,229x229x229mm,False,1.05
42,Shipping carton (Brown) 500x310x310mm,,Each,Each,,500x310x310mm,False,2.55
43,Shipping carton (Brown) 413x285x187mm,,Each,Each,,413x285x187mm,False,1.05
44,Bubblewrap dispenser (Red) 1.5m,Red,Each,Each,,1.5m,False,240.0
45,Bubblewrap dispenser (Blue) 1.5m,Blue,Each,Each,,1.5m,False,240.0
46,Bubblewrap dispenser (Black) 1.5m,Black,Each,Each,,1.5m,False,240.0
47,32 mm Anti static bubble wrap (Blue) 50m,Blue,Each,Each,,50m,False,105.0
48,32 mm Anti static bubble wrap (Blue) 20m,Blue,Each,Each,,20m,False,48.0
50,20 mm Anti static bubble wrap (Blue) 50m,Blue,Each,Each,,50m,False,102.0
51,20 mm Anti static bubble wrap (Blue) 20m,Blue,Each,Each,,20m,False,45.0
52,20 mm Anti static bubble wrap (Blue) 10m,Blue,Each,Each,,10m,False,29.0
53,10 mm Anti static bubble wrap (Blue) 50m,Blue,Each,Each,,50m,False,99.0
54,10 mm Anti static bubble wrap (Blue) 20m,Blue,Each,Each,,20m,False,42.0
55,10 mm Anti static bubble wrap (Blue) 10m,Blue,Each,Each,,10m,False,26.0
56,32 mm Double sided bubble wrap 50m,,Each,Each,,50m,False,112.0
57,32 mm Double sided bubble wrap 20m,,Each,Each,,20m,False,37.0
58,32 mm Double sided bubble wrap 10m,,Each,Each,,10m,False,22.0
59,20 mm Double sided bubble wrap 50m,,Each,Each,,50m,False,108.0
60,20 mm Double sided bubble wrap 20m,,Each,Each,,20m,False,33.0
62,10 mm Double sided bubble wrap 50m,,Each,Each,,50m,False,105.0
63,10 mm Double sided bubble wrap 20m,,Each,Each,,20m,False,30.0
64,10 mm Double sided bubble wrap 10m,,Each,Each,,10m,False,15.0
65,Large sized bubblewrap roll 50m,,Each,Each,,50m,False,24.0
66,Medium sized bubblewrap roll 20m,,Each,Each,,20m,False,20.0
67,Small sized bubblewrap roll 10m,,Each,Each,,10m,False,4.5
103,Superhero action jacket (Blue) 5XL,Blue,Each,Each,,5XL,False,34.0
104,Superhero action jacket (Blue) 4XL,Blue,Each,Each,,4XL,False,34.0
105,Superhero action jacket (Blue) 3XL,Blue,Each,Each,,3XL,False,34.0
106,Superhero action jacket (Blue) XXL,Blue,Each,Each,,XXL,False,30.0
107,Superhero action jacket (Blue) XL,Blue,Each,Each,,XL,False,30.0
108,Superhero action jacket (Blue) L,Blue,Each,Each,,L,False,30.0
109,Superhero action jacket (Blue) M,Blue,Each,Each,,M,False,30.0
110,Superhero action jacket (Blue) S,Blue,Each,Each,,S,False,25.0
111,Superhero action jacket (Blue) XS,Blue,Each,Each,,XS,False,25.0
112,Superhero action jacket (Blue) XXS,Blue,Each,Each,,XXS,False,25.0
113,Superhero action jacket (Blue) 3XS,Blue,Each,Each,,3XS,False,25.0
114,Alien officer hoodie (Black) 5XL,Black,Each,Each,,5XL,False,35.0
115,Alien officer hoodie (Black) 4XL,Black,Each,Each,,4XL,False,35.0
116,Alien officer hoodie (Black) 3XL,Black,Each,Each,,3XL,False,35.0
117,Alien officer hoodie (Black) XXL,Black,Each,Each,,XXL,False,35.0
118,Alien officer hoodie (Black) XL,Black,Each,Each,,XL,False,35.0
145,Ride on big wheel monster truck (Black) 1/12 scale,Black,Each,Each,Northwind,1/12 scale,False,345.0
146,Ride on vintage American toy coupe (Black) 1/12 scale,Black,Each,Each,Northwind,1/12 scale,False,285.0
147,Ride on vintage American toy coupe (Red) 1/12 scale,Red,Each,Each,Northwind,1/12 scale,False,285.0
148,Ride on toy sedan car (Pink) 1/12 scale,,Each,Each,Northwind,1/12 scale,False,230.0
149,Ride on toy sedan car (Yellow) 1/12 scale,Yellow,Each,Each,Northwind,1/12 scale,False,230.0
150,Ride on toy sedan car (Green) 1/12 scale,,Each,Each,Northwind,1/12 scale,False,230.0
151,Ride on toy sedan car (Blue) 1/12 scale,Blue,Each,Each,Northwind,1/12 scale,False,230.0
152,Ride on toy sedan car (Red) 1/12 scale,Red,Each,Each,Northwind,1/12 scale,False,230.0
153,Ride on toy sedan car (Black) 1/12 scale,Black,Each,Each,Northwind,1/12 scale,False,230.0
154,RC big wheel monster truck with remote control (Black) 1/50 scale,Black,Each,Each,Northwind,1/50 scale,False,45.0
155,RC vintage American toy coupe with remote control (Black) 1/50 scale,Black,Each,Each,Northwind,1/50 scale,False,30.0
156,RC vintage American toy coupe with remote control (Red) 1/50 scale,Red,Each,Each,Northwind,1/50 scale,False,30.0
157,RC toy sedan car with remote control (Pink) 1/50 scale,,Each,Each,Northwind,1/50 scale,False,25.0
158,RC toy sedan car with remote control (Yellow) 1/50 scale,Yellow,Each,Each,Northwind,1/50 scale,False,25.0
159,RC toy sedan car with remote control (Green) 1/50 scale,,Each,Each,Northwind,1/50 scale,False,25.0
160,RC toy sedan car with remote control (Blue) 1/50 scale,Blue,Each,Each,Northwind,1/50 scale,False,25.0
161,RC toy sedan car with remote control (Red) 1/50 scale,Red,Each,Each,Northwind,1/50 scale,False,25.0
162,RC toy sedan car with remote control (Black) 1/50 scale,Black,Each,Each,Northwind,1/50 scale,False,25.0
217,Office cube periscope (Black),Black,Each,Carton,,,False,18.5
218,USB rocket launcher (Gray),Gray,Each,Each,,,False,25.0
219,USB missile launcher (Green),,Each,Each,,,False,25.0
228,RC big wheel monster truck with remote control (Black) 1/50 scale,Black,Each,Each,Northwind,1/50 scale,False,45.0
229,RC vintage American toy coupe with remote control (Black) 1/50 scale,Black,Each,Each,Northwind,1/50 scale,False,30.0
230,RC vintage American toy coupe with remote control (Red) 1/50 scale,Red,Each,Each,Northwind,1/50 scale,False,30.0
231,RC toy sedan car with remote control (Pink) 1/50 scale,,Each,Each,Northwind,1/50 scale,False,25.0
232,RC toy sedan car with remote control (Yellow) 1/50 scale,Yellow,Each,Each,Northwind,1/50 scale,False,25.0
233,RC toy sedan car with remote control (Green) 1/50 scale,,Each,Each,Northwind,1/50 scale,False,25.0
234,RC toy sedan car with remote control (Blue) 1/50 scale,Blue,Each,Each,Northwind,1/50 scale,False,25.0
235,RC toy sedan car with remote control (Red) 1/50 scale,Red,Each,Each,Northwind,1/50 scale,False,25.0
236,RC toy sedan car with remote control (Black) 1/50 scale,Black,Each,Each,Northwind,1/50 scale,False,25.0
291,USB rocket launcher (Gray),Steel Gray,Each,Each,,,False,25.0
292,USB missile launcher (Green),,Each,Each,,,False,25.0
293,Void fill 400 L bag (White) 400L,,Each,Each,,400L,False,50.0
294,Void fill 300 L bag (White) 300L,,Each,Each,,300L,False,37.5
295,Void fill 200 L bag (White) 200L,,Each,Each,,200L,False,25.0
296,Void fill 100 L bag (White) 100L,,Each,Each,,100L,False,12.5
297,Air cushion machine (Blue),,Each,Each,,,False,1899.0
298,Air cushion film 200mmx200mm 325m,,Each,Each,,325m,False,90.0
299,Air cushion film 200mmx100mm 325m,,Each,Each,,325m,False,87.0
300,Large  replacement blades 18mm,,Each,Each,,18mm,False,4.3
301,Small 9mm replacement blades 9mm,,Each,Each,,9mm,False,4.1
302,Packing knife with metal insert blade (Yellow) 18mm,,Each,Each,,18mm,False,2.4
303,Packing knife with metal insert blade (Yellow) 9mm,,Each,Each,,9mm,False,1.89
304,Permanent marker red 5mm nib (Red) 5mm,,Each,Each,,5mm,False,2.7
305,Permanent marker blue 5mm nib (Blue) 5mm,,Each,Each,,5mm,False,2.7
306,Permanent marker black 5mm nib (Black) 5mm,,Each,Each,,5mm,False,2.7
310,Red and white urgent  heavy despatch tape  48mmx100m,,Each,Each,,48mmx100m,False,4.1
311,Red and white urgent despatch tape 48mmx75m,,Each,Each,,48mmx75m,False,3.7
312,Black and yellow heavy despatch tape 48mmx100m,,Each,Each,,48mmx100m,False,4.1
313,Black and yellow heavy despatch tape  48mmx75m,,Each,Each,,48mmx75m,False,3.7
314,Black and orange this way up despatch tape  48mmx100m,,Each,Each,,48mmx100m,False,4.1
315,Black and orange this way up despatch tape 48mmx75m,,Each,Each,,48mmx75m,False,3.7
316,Black and orange handle with care despatch tape  48mmx100m,,Each,Each,,48mmx100m,False,4.1
317,Black and orange handle with care despatch tape  48mmx75m,,Each,Each,,48mmx75m,False,3.7
318,Black and orange glass with care despatch tape  48mmx100m,,Each,Each,,48mmx100m,False,4.1
319,Black and orange glass with care despatch tape 48mmx75m,,Each,Each,,48mmx75m,False,3.7
320,Black and orange fragile despatch tape 48mmx100m,,Each,Each,,48mmx100m,False,4.1
321,Black and orange fragile despatch tape 48mmx75m,,Each,Each,,48mmx75m,False,3.7
322,Clear packaging tape 48mmx100m,,Each,Each,,48mmx100m,False,3.5
323,Clear packaging tape 48mmx75m,,Each,Each,,48mmx75m,False,2.9
324,3 kg Courier post bag (White) 300x190x95mm,,Each,Each,,300x190x95mm,False,0.66
325,Express post box 5kg (White) 350x280x130mm,,Each,Each,,350x280x130mm,False,0.95
326,Shipping carton (Brown) 457x457x457mm,,Each,Each,,457x457x457mm,False,2.1
327,Shipping carton (Brown) 356x356x279mm,,Each,Each,,356x356x279mm,False,2.04
328,Shipping carton (Brown) 305x305x305mm,,Each,Each,,305x305x305mm,False,3.5
329,Shipping carton (Brown) 480x270x320mm,,Each,Each,,480x270x320mm,False,2.74
330,Shipping carton (Brown) 457x279x279mm,,Each,Each,,457x279x279mm,False,1.28
331,Shipping carton (Brown) 356x229x229mm,,Each,Each,,356x229x229mm,False,1.14
332,Shipping carton (Brown) 279x254x217mm,,Each,Each,,279x254x217mm,False,1.11
333,Shipping carton (Brown) 229x229x229mm,,Each,Each,,229x229x229mm,False,1.05
334,Shipping carton (Brown) 500x310x310mm,,Each,Each,,500x310x310mm,False,2.55
335,Shipping carton (Brown) 413x285x187mm,,Each,Each,,413x285x187mm,False,1.05
336,Bubblewrap dispenser (Red) 1.5m,Red,Each,Each,,1.5m,False,240.0
337,Bubblewrap dispenser (Blue) 1.5m,Blue,Each,Each,,1.5m,False,240.0
338,Bubblewrap dispenser (Black) 1.5m,Black,Each,Each,,1.5m,False,240.0
339,32 mm Anti static bubble wrap (Blue) 50m,Blue,Each,Each,,50m,False,105.0
340,32 mm Anti static bubble wrap (Blue) 20m,Blue,Each,Each,,20m,False,48.0
342,20 mm Anti static bubble wrap (Blue) 50m,Blue,Each,Each,,50m,False,102.0
343,20 mm Anti static bubble wrap (Blue) 20m,Blue,Each,Each,,20m,False,45.0
344,20 mm Anti static bubble wrap (Blue) 10m,Blue,Each,Each,,10m,False,29.0
345,10 mm Anti static bubble wrap (Blue) 50m,Blue,Each,Each,,50m,False,99.0
346,10 mm Anti static bubble wrap (Blue) 20m,Blue,Each,Each,,20m,False,42.0
347,10 mm Anti static bubble wrap (Blue) 10m,Blue,Each,Each,,10m,False,26.0
348,32 mm Double sided bubble wrap 50m,,Each,Each,,50m,False,112.0
349,32 mm Double sided bubble wrap 20m,,Each,Each,,20m,False,37.0
350,32 mm Double sided bubble wrap 10m,,Each,Each,,10m,False,22.0
351,20 mm Double sided bubble wrap 50m,,Each,Each,,50m,False,108.0
352,20 mm Double sided bubble wrap 20m,,Each,Each,,20m,False,33.0
354,10 mm Double sided bubble wrap 50m,,Each,Each,,50m,False,105.0
355,10 mm Double sided bubble wrap 20m,,Each,Each,,20m,False,30.0
356,10 mm Double sided bubble wrap 10m,,Each,Each,,10m,False,15.0
357,Large sized bubblewrap roll 50m,,Each,Each,,50m,False,24.0
358,Medium sized bubblewrap roll 20m,,Each,Each,,20m,False,20.0
359,Small sized bubblewrap roll 10m,,Each,Each,,10m,False,4.5
391,Ride on big wheel monster truck (Black) 1/12 scale,Black,Each,Each,Northwind,1/12 scale,False,345.0
392,Ride on toy sedan car (Pink) 1/12 scale,,Each,Each,Northwind,1/12 scale,False,230.0
393,Ride on toy sedan car (Yellow) 1/12 scale,Yellow,Each,Each,Northwind,1/12 scale,False,230.0
394,Ride on toy sedan car (Green) 1/12 scale,,Each,Each,Northwind,1/12 scale,False,230.0
395,Ride on toy sedan car (Blue) 1/12 scale,Blue,Each,Each,Northwind,1/12 scale,False,230.0
396,Ride on toy sedan car (Red) 1/12 scale,Red,Each,Each,Northwind,1/12 scale,False,230.0
397,Ride on toy sedan car (Black) 1/12 scale,Black,Each,Each,Northwind,1/12 scale,False,230.0
398,Office cube periscope (Black),Black,Each,Carton,,,False,18.5
425,Alien officer hoodie (Black) XL,Black,Each,Each,,XL,False,35.0
426,Alien officer hoodie (Black) XXL,Black,Each,Each,,XXL,False,35.0
427,Alien officer hoodie (Black) 3XL,Black,Each,Each,,3XL,False,35.0
428,Alien officer hoodie (Black) 4XL,Black,Each,Each,,4XL,False,35.0
429,Alien officer hoodie (Black) 5XL,Black,Each,Each,,5XL,False,35.0
430,Superhero action jacket (Blue) 3XS,Blue,Each,Each,,3XS,False,25.0
431,Superhero action jacket (Blue) XXS,Blue,Each,Each,,XXS,False,25.0
432,Superhero action jacket (Blue) XS,Blue,Each,Each,,XS,False,25.0
433,Superhero action jacket (Blue) S,Blue,Each,Each,,S,False,25.0
434,Superhero action jacket (Blue) M,Blue,Each,Each,,M,False,30.0
435,Superhero action jacket (Blue) L,Blue,Each,Each,,L,False,30.0
436,Superhero action jacket (Blue) XL,Blue,Each,Each,,XL,False,30.0
437,Superhero action jacket (Blue) XXL,Blue,Each,Each,,XXL,False,30.0
438,Superhero action jacket (Blue) 3XL,Blue,Each,Each,,3XL,False,34.0
439,Superhero action jacket (Blue) 4XL,Blue,Each,Each,,4XL,False,34.0
440,Superhero action jacket (Blue) 5XL,Blue,Each,Each,,5XL,False,34.0
453,Ride on vintage American toy coupe (Black) 1/12 scale,Black,Each,Each,Northwind,1/12 scale,False,285.0
454,Ride on vintage American toy coupe (Red) 1/12 scale,Red,Each,Each,Northwind,1/12 scale,False,285.0
455,RC big wheel monster truck with remote control (Black) 1/50 scale,Black,Each,Each,Northwind,1/50 scale,False,45.0
456,RC vintage American toy coupe with remote control (Black) 1/50 scale,Black,Each,Each,Northwind,1/50 scale,False,30.0
457,RC vintage American toy coupe with remote control (Red) 1/50 scale,Red,Each,Each,Northwind,1/50 scale,False,30.0
458,RC toy sedan car with remote control (Pink) 1/50 scale,,Each,Each,Northwind,1/50 scale,False,25.0
459,RC toy sedan car with remote control (Yellow) 1/50 scale,Yellow,Each,Each,Northwind,1/50 scale,False,25.0
460,RC toy sedan car with remote control (Green) 1/50 scale,,Each,Each,Northwind,1/50 scale,False,25.0
461,RC toy sedan car with remote control (Blue) 1/50 scale,Blue,Each,Each,Northwind,1/50 scale,False,25.0
462,RC toy sedan car with remote control (Red) 1/50 scale,Red,Each,Each,Northwind,1/50 scale,False,25.0
463,RC toy sedan car with remote control (Black) 1/50 scale,Black,Each,Each,Northwind,1/50 scale,False,25.0
464,RC vintage American toy coupe with remote control (Black) 1/50 scale,Black,Each,Each,Northwind,1/50 scale,False,30.0
465,RC vintage American toy coupe with remote control (Red) 1/50 scale,Red,Each,Each,Northwind,1/50 scale,False,30.0
466,RC big wheel monster truck with remote control (Black) 1/50 scale,Black,Each,Each,Northwind,1/50 scale,False,45.0
467,RC toy sedan car with remote control (Black) 1/50 scale,Black,Each,Each,Northwind,1/50 scale,False,25.0
468,RC toy sedan car with remote control (Red) 1/50 scale,Red,Each,Each,Northwind,1/50 scale,False,25.0
469,RC toy sedan car with remote control (Blue) 1/50 scale,Blue,Each,Each,Northwind,1/50 scale,False,25.0
470,RC toy sedan car with remote control (Green) 1/50 scale,,Each,Each,Northwind,1/50 scale,False,25.0
471,RC toy sedan car with remote control (Yellow) 1/50 scale,Yellow,Each,Each,Northwind,1/50 scale,False,25.0
472,RC toy sedan car with remote control (Pink) 1/50 scale,,Each,Each,Northwind,1/50 scale,False,25.0
473,RC vintage American toy coupe with remote control (Red) 1/50 scale,Red,Each,Each,Northwind,1/50 scale,False,30.0
474,RC vintage American toy coupe with remote control (Black) 1/50 scale,Black,Each,Each,Northwind,1/50 scale,False,30.0
475,Ride on vintage American toy coupe (Black) 1/12 scale,Black,Each,Each,Northwind,1/12 scale,False,285.0
476,Ride on vintage American toy coupe (Red) 1/12 scale,Red,Each,Each,Northwind,1/12 scale,False,285.0
488,Ride on toy sedan car (Black) 1/12 scale,Black,Each,Each,Northwind,1/12 scale,False,230.0
489,Ride on toy sedan car (Red) 1/12 scale,Red,Each,Each,Northwind,1/12 scale,False,230.0
490,Ride on toy sedan car (Blue) 1/12 scale,Blue,Each,Each,Northwind,1/12 scale,False,230.0
491,Ride on toy sedan car (Green) 1/12 scale,,Each,Each,Northwind,1/12 scale,False,230.0
492,Ride on toy sedan car (Yellow) 1/12 scale,Yellow,Each,Each,Northwind,1/12 scale,False,230.0
493,Ride on toy sedan car (Pink) 1/12 scale,,Each,Each,Northwind,1/12 scale,False,230.0
494,Ride on vintage American toy coupe (Red) 1/12 scale,Red,Each,Each,Northwind,1/12 scale,False,285.0
495,Ride on vintage American toy coupe (Black) 1/12 scale,Black,Each,Each,Northwind,1/12 scale,False,285.0
496,Ride on big wheel monster truck (Black) 1/12 scale,Black,Each,Each,Northwind,1/12 scale,False,345.0
603,USB missile launcher (Green),,Each,Each,,,False,25.0
604,USB rocket launcher (Gray),Steel Gray,Each,Each,,,False,25.0
605,Small sized bubblewrap roll 10m,,Each,Each,,10m,False,4.5
606,Medium sized bubblewrap roll 20m,,Each,Each,,20m,False,20.0
607,Large sized bubblewrap roll 50m,,Each,Each,,50m,False,24.0
608,10 mm Double sided bubble wrap 10m,,Each,Each,,10m,False,15.0
609,10 mm Double sided bubble wrap 20m,,Each,Each,,20m,False,30.0
610,10 mm Double sided bubble wrap 50m,,Each,Each,,50m,False,105.0
612,20 mm Double sided bubble wrap 20m,,Each,Each,,20m,False,33.0
613,20 mm Double sided bubble wrap 50m,,Each,Each,,50m,False,108.0
614,32 mm Double sided bubble wrap 10m,,Each,Each,,10m,False,22.0
615,32 mm Double sided bubble wrap 20m,,Each,Each,,20m,False,37.0
616,32 mm Double sided bubble wrap 50m,,Each,Each,,50m,False,112.0
617,10 mm Anti static bubble wrap (Blue) 10m,Blue,Each,Each,,10m,False,26.0
618,10 mm Anti static bubble wrap (Blue) 20m,Blue,Each,Each,,20m,False,42.0
619,10 mm Anti static bubble wrap (Blue) 50m,Blue,Each,Each,,50m,False,99.0
620,20 mm Anti static bubble wrap (Blue) 10m,Blue,Each,Each,,10m,False,29.0
621,20 mm Anti static bubble wrap (Blue) 20m,Blue,Each,Each,,20m,False,45.0
622,20 mm Anti static bubble wrap (Blue) 50m,Blue,Each,Each,,50m,False,102.0
624,32 mm Anti static bubble wrap (Blue) 20m,Blue,Each,Each,,20m,False,48.0
625,32 mm Anti static bubble wrap (Blue) 50m,Blue,Each,Each,,50m,False,105.0
626,Bubblewrap dispenser (Black) 1.5m,Black,Each,Each,,1.5m,False,240.0
627,Bubblewrap dispenser (Blue) 1.5m,Blue,Each,Each,,1.5m,False,240.0
628,Bubblewrap dispenser (Red) 1.5m,Red,Each,Each,,1.5m,False,240.0
629,Shipping carton (Brown) 413x285x187mm,,Each,Each,,413x285x187mm,False,1.05
630,Shipping carton (Brown) 500x310x310mm,,Each,Each,,500x310x310mm,False,2.55
631,Shipping carton (Brown) 229x229x229mm,,Each,Each,,229x229x229mm,False,1.05
632,Shipping carton (Brown) 279x254x217mm,,Each,Each,,279x254x217mm,False,1.11
633,Shipping carton (Brown) 356x229x229mm,,Each,Each,,356x229x229mm,False,1.14
634,Shipping carton (Brown) 457x279x279mm,,Each,Each,,457x279x279mm,False,1.28
635,Shipping carton (Brown) 480x270x320mm,,Each,Each,,480x270x320mm,False,2.74
636,Shipping carton (Brown) 305x305x305mm,,Each,Each,,305x305x305mm,False,3.5
637,Shipping carton (Brown) 356x356x279mm,,Each,Each,,356x356x279mm,False,2.04
638,Shipping carton (Brown) 457x457x457mm,,Each,Each,,457x457x457mm,False,2.1
639,Express post box 5kg (White) 350x280x130mm,,Each,Each,,350x280x130mm,False,0.95
640,3 kg Courier post bag (White) 300x190x95mm,,Each,Each,,300x190x95mm,False,0.66
641,Clear packaging tape 48mmx75m,,Each,Each,,48mmx75m,False,2.9
642,Clear packaging tape 48mmx100m,,Each,Each,,48mmx100m,False,3.5
643,Black and orange fragile despatch tape 48mmx75m,,Each,Each,,48mmx75m,False,3.7
644,Black and orange fragile despatch tape 48mmx100m,,Each,Each,,48mmx100m,False,4.1
645,Black and orange glass with care despatch tape 48mmx75m,,Each,Each,,48mmx75m,False,3.7
646,Black and orange glass with care despatch tape  48mmx100m,,Each,Each,,48mmx100m,False,4.1
647,Black and orange handle with care despatch tape  48mmx75m,,Each,Each,,48mmx75m,False,3.7
648,Black and orange handle with care despatch tape  48mmx100m,,Each,Each,,48mmx100m,False,4.1
649,Black and orange this way up despatch tape 48mmx75m,,Each,Each,,48mmx75m,False,3.7
650,Black and orange this way up despatch tape  48mmx100m,,Each,Each,,48mmx100m,False,4.1
651,Black and yellow heavy despatch tape  48mmx75m,,Each,Each,,48mmx75m,False,3.7
652,Black and yellow heavy despatch tape 48mmx100m,,Each,Each,,48mmx100m,False,4.1
653,Red and white urgent despatch tape 48mmx75m,,Each,Each,,48mmx75m,False,3.7
654,Red and white urgent  heavy despatch tape  48mmx100m,,Each,Each,,48mmx100m,False,4.1
658,Permanent marker black 5mm nib (Black) 5mm,,Each,Each,,5mm,False,2.7
659,Permanent marker blue 5mm nib (Blue) 5mm,,Each,Each,,5mm,False,2.7
660,Permanent marker red 5mm nib (Red) 5mm,,Each,Each,,5mm,False,2.7
661,Packing knife with metal insert blade (Yellow) 9mm,,Each,Each,,9mm,False,1.89
662,Packing knife with metal insert blade (Yellow) 18mm,,Each,Each,,18mm,False,2.4
663,Small 9mm replacement blades 9mm,,Each,Each,,9mm,False,4.1
664,Large  replacement blades 18mm,,Each,Each,,18mm,False,4.3
665,Air cushion film 200mmx100mm 325m,,Each,Each,,325m,False,87.0
666,Air cushion film 200mmx200mm 325m,,Each,Each,,325m,False,90.0
667,Air cushion machine (Blue),,Each,Each,,,False,1899.0
668,Void fill 100 L bag (White) 100L,,Each,Each,,100L,False,12.5
669,Void fill 200 L bag (White) 200L,,Each,Each,,200L,False,25.0
670,Void fill 300 L bag (White) 300L,,Each,Each,,300L,False,37.5
671,Void fill 400 L bag (White) 400L,,Each,Each,,400L,False,50.0
220,Novelty chilli chocolates 500g,,Bag,Carton,,500g,True,14.5
221,Novelty chilli chocolates 250g,,Bag,Carton,,250g,True,8.55
222,Chocolate echidnas 250g,,Bag,Carton,,250g,True,8.55
223,Chocolate beetles 250g,,Bag,Carton,,250g,True,8.55
224,Chocolate sharks 250g,,Bag,Carton,,250g,True,8.55
225,Chocolate frogs 250g,,Bag,Carton,,250g,True,8.55
226,White chocolate moon rocks 250g,,Bag,Carton,,250g,True,8.55
227,White chocolate snow balls 250g,,Bag,Carton,,250g,True,8.55
445,Novelty chilli chocolates 250g,,Bag,Carton,,250g,True,8.55
446,Novelty chilli chocolates 500g,,Bag,Carton,,500g,True,14.5
447,Chocolate beetles 250g,,Bag,Carton,,250g,True,8.55
448,Chocolate echidnas 250g,,Bag,Carton,,250g,True,8.55
449,Chocolate frogs 250g,,Bag,Carton,,250g,True,8.55
450,Chocolate sharks 250g,,Bag,Carton,,250g,True,8.55
451,White chocolate snow balls 250g,,Bag,Carton,,250g,True,8.55
452,White chocolate moon rocks 250g,,Bag,Carton,,250g,True,8.55
